{"count":1,"self":4828.3693056,"total":9583.1887283,"children":{"InitializeActuators":{"count":10,"self":0.0020085,"total":0.0020085,"children":null},"InitializeSensors":{"count":10,"self":0.0091688999999999989,"total":0.0091688999999999989,"children":null},"AgentSendState":{"count":1690224,"self":23.8920896,"total":413.41180269999995,"children":{"UpdateModelSpacePoses":{"count":3380450,"self":85.101676799999993,"total":85.101674,"children":null},"UpdateLocalSpacePoses":{"count":3380450,"self":142.2519936,"total":142.251991,"children":null},"CollectObservations":{"count":3380450,"self":47.6842816,"total":47.684281399999996,"children":null},"WriteActionMask":{"count":3380450,"self":2.3710196,"total":2.3710195,"children":null},"RequestDecision":{"count":3380450,"self":9.5087232,"total":112.1107473,"children":{"AgentInfo.ToProto":{"count":3380450,"self":8.72096,"total":102.60202389999999,"children":{"GenerateSensorData":{"count":3380450,"self":93.88106239999999,"total":93.881064,"children":null}}}}}}},"DecideAction":{"count":1690224,"self":4211.4482176,"total":4211.4480369,"children":null},"AgentAct":{"count":1690224,"self":129.579008,"total":129.9257677,"children":{"UpdateModelSpacePoses":{"count":3260,"self":0.11166659999999999,"total":0.11166659999999999,"children":null},"UpdateLocalSpacePoses":{"count":3260,"self":0.12472219999999999,"total":0.12472219999999999,"children":null},"AgentInfo.ToProto":{"count":3260,"self":0.0082125,"total":0.11037459999999999,"children":{"GenerateSensorData":{"count":3260,"self":0.10216209999999999,"total":0.10216209999999999,"children":null}}}}},"UpdateModelSpacePoses":{"count":254,"self":0.0035291999999999997,"total":0.0035291999999999997,"children":null},"UpdateLocalSpacePoses":{"count":254,"self":0.0113165,"total":0.0113165,"children":null},"AgentInfo.ToProto":{"count":254,"self":0.0020147999999999998,"total":0.007787,"children":{"GenerateSensorData":{"count":254,"self":0.0057722,"total":0.0057722,"children":null}}}},"gauges":{"Crawler.CumulativeReward":{"count":3514,"max":2881.11865,"min":-1.89194953,"runningAverage":620.5946,"value":1439.959,"weightedAverage":1403.1908}},"metadata":{"timer_format_version":"0.1.0","start_time_seconds":"1775368724","unity_version":"6000.4.0f1","command_line_arguments":"C:\\Program Files\\Unity\\Hub\\Editor\\6000.4.0f1\\Editor\\Unity.exe -projectpath C:\\Users\\jaspu\\Documents\\ml-agents\\Animation_Controller -acceptSoftwareTermsForThisRunOnly -useHub -hubIPC -cloudEnvironment production","communication_protocol_version":"1.5.0","com.unity.ml-agents_version":"4.0.2","scene_name":"Crawler","end_time_seconds":"1775378307"}}